INSERT INTO avion VALUES
('AV001', 'Boeing 737', 120, 30, 20, 10),
('AV002', 'Airbus A320', 130, 25, 15, 5),
('AV003', 'Boeing 777', 200, 50, 30, 15),
('AV004', 'Airbus A380', 300, 80, 40, 20),
('AV005', 'Boeing 747', 250, 60, 35, 15),
('AV006', 'Embraer E190', 90, 20, 10, 5),
('AV007', 'Boeing 787', 210, 55, 25, 10),
('AV008', 'Airbus A350', 220, 60, 30, 12),
('AV009', 'Boeing 737 MAX', 140, 35, 20, 8),
('AV010', 'Airbus A330', 180, 45, 25, 10),
('AV011', 'Boeing 717', 100, 25, 15, 5),
('AV012', 'McDonnell Douglas MD-11', 170, 50, 25, 12),
('AV013', 'Airbus A310', 150, 40, 20, 8),
('AV014', 'Concorde', 80, 20, 15, 10),
('AV015', 'Tupolev Tu-204', 160, 45, 25, 10),
('AV016', 'Tupolev Tu-204', 160, 45, 25, 10);

INSERT INTO compania VALUES
('C001', 'AeroMexico'),
('C002', 'LATAM Airlines'),
('C003', 'American Airlines'),
('C004', 'Delta Airlines'),
('C005', 'United Airlines'),
('C006', 'Air France'),
('C007', 'British Airways'),
('C008', 'Lufthansa'),
('C009', 'Emirates'),
('C010', 'Qatar Airways'),
('C011', 'Singapore Airlines'),
('C012', 'Turkish Airlines'),
('C013', 'KLM Royal Dutch'),
('C014', 'Air Canada'),
('C015', 'Iberia');

INSERT INTO cliente VALUES
('CL001', 'Juan Perez', '1990-05-12', 'Mexicana'),
('CL002', 'Maria Lopez', '1985-07-24', 'Argentina'),
('CL003', 'Carlos Gomez', '1993-09-10', 'Chilena'),
('CL004', 'Ana Torres', '1998-03-05', 'Espanola'),
('CL005', 'Pedro Ramirez', '1991-11-18', 'Colombiana'),
('CL006', 'Laura Fernandez', '1987-02-20', 'Peruana'),
('CL007', 'Roberto Castro', '1995-12-01', 'Brasilena'),
('CL008', 'Carmen Rojas', '1990-08-14', 'Venezolana'),
('CL009', 'Santiago Medina', '1982-04-30', 'Uruguaya'),
('CL010', 'Paola Gutierrez', '1996-06-25', 'Ecuatoriana'),
('CL011', 'Gustavo Sanchez', '1989-10-08', 'Boliviana'),
('CL012', 'Natalia Duarte', '1997-01-19', 'Paraguaya'),
('CL013', 'Esteban Herrera', '1994-05-07', 'Cubana'),
('CL014', 'Beatriz Vargas', '1992-12-03', 'Panamena'),
('CL015', 'Andres Molina', '1988-07-11', 'Salvadorena');

INSERT INTO vuelo VALUES
(1001, 'Ciudad de Mexico', 'New York', '2024-06-10', '2024-06-11', 'AV001'),
(1002, 'Buenos Aires', 'Madrid', '2024-07-15', '2024-07-16', 'AV002'),
(1003, 'Santiago', 'Lima', '2024-08-01', '2024-08-02', 'AV003'),
(1004, 'Bogota', 'Miami', '2024-09-10', '2024-09-11', 'AV004'),
(1005, 'Lima', 'Los Angeles', '2024-10-05', '2024-10-06', 'AV005'),
(1006, 'Rio de Janeiro', 'Paris', '2024-11-20', '2024-11-21', 'AV006'),
(1007, 'Madrid', 'Berlin', '2024-12-15', '2024-12-16', 'AV007'),
(1008, 'London', 'Dubai', '2025-01-10', '2025-01-11', 'AV008'),
(1009, 'Toronto', 'Tokyo', '2025-02-25', '2025-02-26', 'AV009'),
(1010, 'Frankfurt', 'Sydney', '2025-03-15', '2025-03-16', 'AV010'),
(1011, 'Los Angeles', 'Hong Kong', '2025-04-20', '2025-04-21', 'AV011'),
(1012, 'New York', 'Amsterdam', '2025-05-30', '2025-05-31', 'AV012'),
(1013, 'Mexico City', 'Chicago', '2025-06-12', '2025-06-13', 'AV013'),
(1014, 'Sao Paulo', 'Rome', '2025-07-07', '2025-07-08', 'AV014'),
(1015, 'Sydney', 'Beijing', '2025-08-22', '2025-08-23', 'AV015'),
(1016, 'Mexico City', 'New York', '2025-06-01', '2025-06-02', 'AV001'),
(1017, 'Santiago', 'Buenos Aires', '2025-06-20', '2025-06-21', 'AV001'),
(1018, 'Bogota', 'Miami', '2025-07-01', '2025-07-02', 'AV001'),
(1019, 'Rio de Janeiro', 'Paris', '2025-07-15', '2025-07-16', 'AV001'),
(1020, 'Los Angeles', 'Toronto', '2025-07-05', '2025-07-06', 'AV002'),
(1021, 'Frankfurt', 'Rome', '2025-07-20', '2025-07-21', 'AV002'),
(1022, 'London', 'Dubai', '2025-08-01', '2025-08-02', 'AV002'),
(1023, 'Mexico City', 'Madrid', '2025-06-25', '2025-06-26', 'AV003'),
(1024, 'Buenos Aires', 'Berlin', '2025-08-10', '2025-08-11', 'AV003'),
(1025, 'Toronto', 'Tokyo', '2025-06-15', '2025-06-16', 'AV004'),
(1026, 'New York', 'Sydney', '2025-07-30', '2025-07-31', 'AV005'),
(1027, 'Lima', 'Chicago', '2025-08-05', '2025-08-06', 'AV005'),
(1028, 'Sao Paulo', 'Paris', '2025-08-12', '2025-08-13', 'AV005'),
(1029, 'Frankfurt', 'Los Angeles', '2025-09-01', '2025-09-02', 'AV005'),
(1030, 'Berlin', 'Madrid', '2025-09-20', '2025-09-21', 'AV005'),
(1031, 'Santiago', 'Rome', '2025-06-30', '2025-07-01', 'AV006'),
(1032, 'Mexico City', 'London', '2025-07-12', '2025-07-13', 'AV006'),
(1033, 'Bogota', 'Sydney', '2025-08-25', '2025-08-26', 'AV006'),
(1034, 'Toronto', 'Hong Kong', '2025-06-10', '2025-06-11', 'AV007'),
(1035, 'Madrid', 'Beijing', '2025-08-18', '2025-08-19', 'AV007'),
(1036, 'Rio de Janeiro', 'New York', '2025-07-01', '2025-07-02', 'AV008'),
(1037, 'Paris', 'Los Angeles', '2025-07-25', '2025-07-26', 'AV008'),
(1038, 'Santiago', 'Tokyo', '2025-08-05', '2025-08-06', 'AV008'),
(1039, 'Buenos Aires', 'Rome', '2025-08-30', '2025-08-31', 'AV008'),
(1040, 'Mexico City', 'Berlin', '2025-06-15', '2025-06-16', 'AV009'),
(1041, 'Lima', 'Paris', '2025-08-10', '2025-08-11', 'AV009'),
(1042, 'London', 'Los Angeles', '2025-07-15', '2025-07-16', 'AV010'),
(1043, 'New York', 'Buenos Aires', '2025-08-03', '2025-08-04', 'AV010'),
(1044, 'Berlin', 'Hong Kong', '2025-08-22', '2025-08-23', 'AV010');

INSERT INTO cliente_vuelo VALUES
('CL001', 1001),
('CL002', 1002),
('CL003', 1003),
('CL004', 1004),
('CL005', 1005),
('CL006', 1006),
('CL007', 1007),
('CL008', 1008),
('CL009', 1009),
('CL010', 1010),
('CL011', 1011),
('CL012', 1012),
('CL013', 1013),
('CL014', 1014),
('CL015', 1015);

INSERT INTO pasaje VALUES
(2001, 'Economy', 300, '2024-06-10', '2024-06-11', '12A', 1001, 'CL001'),
(2002, 'Premium', 500, '2024-07-15', '2024-07-16', '5B', 1002, 'CL002'),
(2003, 'Business', 800, '2024-08-01', '2024-08-02', '3C', 1003, 'CL003'),
(2004, 'First Class', 1200, '2024-09-10', '2024-09-11', '1D', 1004, 'CL004'),
(2005, 'Economy', 350, '2024-10-05', '2024-10-06', '20E', 1005, 'CL005'),
(2006, 'Premium', 550, '2024-11-20', '2024-11-21', '7F', 1006, 'CL006'),
(2007, 'Business', 850, '2024-12-15', '2024-12-16', '2G', 1007, 'CL007'),
(2008, 'First Class', 1250, '2025-01-10', '2025-01-11', '1H', 1008, 'CL008'),
(2009, 'Economy', 320, '2025-02-25', '2025-02-26', '18J', 1009, 'CL009'),
(2010, 'Premium', 520, '2025-03-15', '2025-03-16', '6K', 1010, 'CL010'),
(2011, 'Business', 820, '2025-04-20', '2025-04-21', '4L', 1011, 'CL011'),
(2012, 'First Class', 1300, '2025-05-30', '2025-05-31', '1M', 1012, 'CL012'),
(2013, 'Economy', 400, '2025-06-12', '2025-06-13', '15N', 1013, 'CL013'),
(2014, 'Premium', 600, '2025-07-07', '2025-07-08', '9O', 1014, 'CL014'),
(2015, 'Business', 900, '2025-08-22', '2025-08-23', '2P', 1015, 'CL015'),
(2016, 'Business', 900, '2025-08-22', '2025-08-23', '3P', 1015, 'CL015'),
(2017, 'Business', 900, '2025-08-22', '2025-08-23', '4P', 1015, 'CL015'),
(2018, 'Business', 900, '2025-08-22', '2025-08-23', '5P', 1015, 'CL015'),
(2019, 'Business', 900, '2025-08-22', '2025-08-23', '6P', 1015, 'CL015'),
(2020, 'Business', 900, '2025-08-22', '2025-08-23', '7P', 1015, 'CL015');

INSERT INTO contrato_avion VALUES
(101, 'AV001', 'C001', '2023-01-01', '2025-12-31'),
(102, 'AV002', 'C002', '2023-02-15', '2026-02-14'),
(103, 'AV003', 'C003', '2023-03-10', '2025-08-31'),
(104, 'AV004', 'C004', '2023-04-05', '2026-04-04'),
(105, 'AV005', 'C005', '2023-05-20', '2025-11-19'),
(106, 'AV006', 'C006', '2023-06-15', '2026-06-14'),
(107, 'AV007', 'C007', '2023-07-01', '2025-06-30'),
(108, 'AV008', 'C008', '2023-08-12', '2026-08-11'),
(109, 'AV009', 'C009', '2023-09-05', '2025-09-04'),
(110, 'AV010', 'C010', '2023-10-18', '2026-10-17'),
(111, 'AV011', 'C011', '2023-11-22', '2025-11-21'),
(112, 'AV012', 'C012', '2023-12-10', '2026-12-09'),
(113, 'AV013', 'C013', '2024-01-15', '2026-01-14'),
(114, 'AV014', 'C014', '2024-02-20', '2026-02-19'),
(115, 'AV015', 'C015', '2024-03-05', '2026-03-04'),
(116, 'AV016', 'C015', '2024-03-05', '2026-03-04');

INSERT INTO empleado (dni_empleado, nombre_empleado) VALUES
('E001', 'Carlos Rivas'),
('E002', 'Ana Mendoza'),
('E003', 'Jorge Morales'),
('E004', 'Patricia Estrada'),
('E005', 'Luis Gonzalez'),
('E006', 'Maria Alonso'),
('E007', 'Fernando Vargas'),
('E008', 'Sofia Rivera'),
('E009', 'Diego Castro'),
('E010', 'Valentina Jimenez'),
('E011', 'Ricardo Lopez'),
('E012', 'Laura Flores'),
('E013', 'Gustavo Ortiz'),
('E014', 'Beatriz Ramos'),
('E015', 'Andrea Fuentes');

INSERT INTO cliente_compania (dni_cliente, rut_compania) VALUES
('CL001', 'C001'),
('CL002', 'C002'),
('CL003', 'C003'),
('CL004', 'C004'),
('CL005', 'C005'),
('CL006', 'C006'),
('CL007', 'C007'),
('CL008', 'C008'),
('CL009', 'C009'),
('CL010', 'C010'),
('CL011', 'C011'),
('CL012', 'C012'),
('CL013', 'C013'),
('CL014', 'C014'),
('CL015', 'C015');

INSERT INTO sueldo (id_sueldo, monto_total, fecha_sueldo, dni_empleado, cargo, compania) VALUES
(1, 1200000, '2025-01-30', 'E001', 'Piloto', 'C001'),
(2, 1100000, '2025-01-30', 'E002', 'Copiloto', 'C002'),
(3, 900000,  '2025-02-15', 'E003', 'Sobrecargo', 'C003'),
(4, 950000,  '2025-02-20', 'E004', 'Tierra', 'C004'),
(5, 1250000, '2025-03-05', 'E005', 'Piloto', 'C005'),
(6, 1150000, '2025-03-10', 'E006', 'Copiloto', 'C006'),
(7, 800000,  '2025-03-18', 'E007', 'Sobrecargo', 'C007'),
(8, 850000,  '2025-04-02', 'E008', 'Tierra', 'C008'),
(9, 1300000, '2025-04-10', 'E009', 'Piloto', 'C009'),
(10, 1000000,'2025-04-15', 'E010', 'Copiloto', 'C010'),
(11, 750000, '2025-05-05', 'E011', 'Sobrecargo', 'C011'),
(12, 920000, '2025-05-12', 'E012', 'Tierra', 'C012'),
(13, 1400000,'2025-05-20', 'E013', 'Piloto', 'C013'),
(14, 1050000,'2025-06-01', 'E014', 'Copiloto', 'C014'),
(15, 780000, '2025-06-10', 'E015', 'Sobrecargo', 'C015');

INSERT INTO vuelo_empleado (id_vuelo, dni_empleado) VALUES
(1001, 'E001'),
(1002, 'E002'),
(1003, 'E003'),
(1004, 'E004'),
(1005, 'E005'),
(1006, 'E006'),
(1007, 'E007'),
(1008, 'E008'),
(1009, 'E009'),
(1010, 'E010'),
(1011, 'E011'),
(1012, 'E012'),
(1013, 'E013'),
(1014, 'E014'),
(1015, 'E015');